[
  {
    "value": "Mike",
    "synonyms": [
      "Michael"
    ]
  },
  {
    "value": "John",
    "synonyms": [
      "John",
      "Johnaton"
    ]
  },
  {
    "value": "Darkhan",
    "synonyms": [
      "Darkhan"
    ]
  },
  {
    "value": "Ahmed",
    "synonyms": [
      "Ahmed",
      "Mr. Ahmed"
    ]
  },
  {
    "value": "Mike Johnson",
    "synonyms": [
      "Mr.Johnson",
      "Mike",
      "Michael"
    ]
  },
  {
    "value": "Selena",
    "synonyms": [
      "Selena",
      "Sel"
    ]
  },
  {
    "value": "Arnold Weber",
    "synonyms": [
      "Arnold Weber",
      "Mr Weber",
      "Arny",
      "Arnold"
    ]
  },
  {
    "value": "Sam",
    "synonyms": [
      "Sammy",
      "Samuel"
    ]
  }
]