[
  {
    "id": "bd3afe4e-9b84-4528-aa77-4857aa5d8fa7",
    "data": [
      {
        "text": "5768332254985678",
        "meta": "@sys.number-sequence",
        "alias": "card",
        "userDefined": false
      }
    ],
    "isTemplate": false,
    "count": 0,
    "lang": "en",
    "updated": 0
  },
  {
    "id": "2bcc02b0-efdb-4253-a98e-3640652fce71",
    "data": [
      {
        "text": "My card is ",
        "userDefined": false
      },
      {
        "text": "1111222233334444",
        "meta": "@sys.number-sequence",
        "alias": "card",
        "userDefined": true
      }
    ],
    "isTemplate": false,
    "count": 0,
    "lang": "en",
    "updated": 0
  },
  {
    "id": "c593524c-50cc-4be3-a5c0-bbd071874c65",
    "data": [
      {
        "text": "3344005203564422",
        "meta": "@sys.number-sequence",
        "alias": "card",
        "userDefined": false
      }
    ],
    "isTemplate": false,
    "count": 0,
    "lang": "en",
    "updated": 0
  },
  {
    "id": "201a9873-b7d5-4839-86c1-ff304edbe99c",
    "data": [
      {
        "text": "3344-3445-2331-2245",
        "meta": "@sys.number-sequence",
        "alias": "card",
        "userDefined": true
      }
    ],
    "isTemplate": false,
    "count": 0,
    "lang": "en",
    "updated": 0
  },
  {
    "id": "a22bacee-8971-4ff6-b286-5984b76de9e6",
    "data": [
      {
        "text": "card is ",
        "userDefined": false
      },
      {
        "text": "3949445654323507",
        "meta": "@sys.number-sequence",
        "alias": "card",
        "userDefined": false
      }
    ],
    "isTemplate": false,
    "count": 0,
    "lang": "en",
    "updated": 0
  }
]