[
  {
    "id": "14c60d46-8c7e-4992-9c22-adb1505d4545",
    "data": [
      {
        "text": "check in",
        "userDefined": false
      }
    ],
    "isTemplate": false,
    "count": 0,
    "lang": "en",
    "updated": 0
  },
  {
    "id": "c0bf6e38-c86f-4345-9d6b-a152b90741a4",
    "data": [
      {
        "text": "confirm",
        "userDefined": false
      }
    ],
    "isTemplate": false,
    "count": 1,
    "lang": "en",
    "updated": 0
  },
  {
    "id": "69277849-eb7f-4f03-b520-c08e1b2b397c",
    "data": [
      {
        "text": "conrifm",
        "userDefined": false
      }
    ],
    "isTemplate": false,
    "count": 1,
    "lang": "en",
    "updated": 0
  },
  {
    "id": "d5c95d60-e4b8-46b5-a963-24843c03f89c",
    "data": [
      {
        "text": "now check",
        "userDefined": false
      }
    ],
    "isTemplate": false,
    "count": 0,
    "lang": "en",
    "updated": 0
  },
  {
    "id": "39642528-3a24-4b09-a91d-15cdb337e82e",
    "data": [
      {
        "text": "check",
        "userDefined": false
      }
    ],
    "isTemplate": false,
    "count": 0,
    "lang": "en",
    "updated": 0
  },
  {
    "id": "37274798-baad-478d-98a6-41f0a7c21699",
    "data": [
      {
        "text": "check availability",
        "userDefined": false
      }
    ],
    "isTemplate": false,
    "count": 0,
    "lang": "en",
    "updated": 0
  }
]