[
  {
    "id": "988700ba-f297-4211-bfa1-d95e2b49ae4e",
    "data": [
      {
        "text": "18/01/2024",
        "meta": "@sys.date-period",
        "alias": "date-period",
        "userDefined": false
      }
    ],
    "isTemplate": false,
    "count": 0,
    "lang": "en",
    "updated": 0
  },
  {
    "id": "36ceddb9-ce37-461c-b277-199d232084de",
    "data": [
      {
        "text": "August 18",
        "meta": "@sys.date-period",
        "alias": "date-period",
        "userDefined": false
      }
    ],
    "isTemplate": false,
    "count": 0,
    "lang": "en",
    "updated": 0
  },
  {
    "id": "7a1d0ec4-a0fb-45ea-95fa-65fa0bdc4829",
    "data": [
      {
        "text": "May 13",
        "meta": "@sys.date-period",
        "alias": "date-period",
        "userDefined": false
      }
    ],
    "isTemplate": false,
    "count": 0,
    "lang": "en",
    "updated": 0
  },
  {
    "id": "eeacd620-53c1-438d-9d8a-680ba19e8619",
    "data": [
      {
        "text": "10 to 12 of May",
        "meta": "@sys.date-period",
        "alias": "date-period",
        "userDefined": false
      }
    ],
    "isTemplate": false,
    "count": 0,
    "lang": "en",
    "updated": 0
  },
  {
    "id": "733f84a6-b422-4156-883a-cdb565ab8db0",
    "data": [
      {
        "text": "from 8th of April to 9th",
        "meta": "@sys.date-period",
        "alias": "date-period",
        "userDefined": false
      }
    ],
    "isTemplate": false,
    "count": 0,
    "lang": "en",
    "updated": 0
  },
  {
    "id": "12d70f44-e50a-473e-9fdb-7c6b37d00239",
    "data": [
      {
        "text": "from 05/03/2024 to 04/06/2024",
        "meta": "@sys.date-period",
        "alias": "date-period",
        "userDefined": false
      }
    ],
    "isTemplate": false,
    "count": 0,
    "lang": "en",
    "updated": 0
  }
]