[
  {
    "id": "fc3f3b79-5762-4f31-ad1b-cb0579e0365b",
    "data": [
      {
        "text": "darkhan@mail.iu",
        "userDefined": false
      }
    ],
    "isTemplate": false,
    "count": 0,
    "lang": "en",
    "updated": 0
  },
  {
    "id": "dfccc4e3-7e16-4de7-8d9c-83f0aca8fba7",
    "data": [
      {
        "text": "sam@iu.com",
        "userDefined": false
      }
    ],
    "isTemplate": false,
    "count": 0,
    "lang": "en",
    "updated": 0
  },
  {
    "id": "03e8d581-2a08-42c9-a6ab-954920af68c6",
    "data": [
      {
        "text": "bob@iu.com",
        "userDefined": false
      }
    ],
    "isTemplate": false,
    "count": 0,
    "lang": "en",
    "updated": 0
  },
  {
    "id": "94bc0d90-a319-4c92-b201-da7a503e3e4f",
    "data": [
      {
        "text": "tim@iu.com",
        "userDefined": false
      }
    ],
    "isTemplate": false,
    "count": 0,
    "lang": "en",
    "updated": 0
  },
  {
    "id": "81572cb5-c847-4a9e-a01a-104ace910e9a",
    "data": [
      {
        "text": "Email: iriioppdv@mail.com",
        "userDefined": false
      }
    ],
    "isTemplate": false,
    "count": 0,
    "lang": "en",
    "updated": 0
  },
  {
    "id": "6cf8cd5d-1141-41af-b768-8a7190999ff0",
    "data": [
      {
        "text": "iriiis23@gmail.com",
        "userDefined": false
      }
    ],
    "isTemplate": false,
    "count": 0,
    "lang": "en",
    "updated": 0
  },
  {
    "id": "c8a085c6-6505-4f56-9b56-dbb28dc34610",
    "data": [
      {
        "text": "dkkkfhhw@mail.ru",
        "userDefined": false
      }
    ],
    "isTemplate": false,
    "count": 0,
    "lang": "en",
    "updated": 0
  },
  {
    "id": "fa43debe-6558-47ad-a332-1e3e315bbb70",
    "data": [
      {
        "text": "My email is dhjjaj@example.com",
        "userDefined": false
      }
    ],
    "isTemplate": false,
    "count": 0,
    "lang": "en",
    "updated": 0
  }
]