[
  {
    "id": "8c45de4e-40ca-4d8f-8ed8-9eeb464e17a5",
    "data": [
      {
        "text": "Only me",
        "userDefined": false
      }
    ],
    "isTemplate": false,
    "count": 0,
    "lang": "en",
    "updated": 0
  },
  {
    "id": "aa7445f1-efe7-4bdb-896c-451dd07b7496",
    "data": [
      {
        "text": "7",
        "meta": "@sys.cardinal",
        "alias": "number_guests",
        "userDefined": false
      }
    ],
    "isTemplate": false,
    "count": 0,
    "lang": "en",
    "updated": 0
  },
  {
    "id": "5ae64389-d82c-4ed0-828f-580452758d28",
    "data": [
      {
        "text": "6",
        "meta": "@sys.cardinal",
        "alias": "number_guests",
        "userDefined": false
      }
    ],
    "isTemplate": false,
    "count": 0,
    "lang": "en",
    "updated": 0
  },
  {
    "id": "546e36f0-8032-4256-87cd-2ee5b770a114",
    "data": [
      {
        "text": "5",
        "meta": "@sys.cardinal",
        "alias": "number_guests",
        "userDefined": false
      }
    ],
    "isTemplate": false,
    "count": 0,
    "lang": "en",
    "updated": 0
  },
  {
    "id": "07194d46-f4ea-4bf0-9301-cdedd7986900",
    "data": [
      {
        "text": "4",
        "meta": "@sys.cardinal",
        "alias": "number_guests",
        "userDefined": false
      }
    ],
    "isTemplate": false,
    "count": 0,
    "lang": "en",
    "updated": 0
  },
  {
    "id": "24fec6a0-e494-453e-a40c-9ce9a1bda9c6",
    "data": [
      {
        "text": "3",
        "meta": "@sys.cardinal",
        "alias": "number_guests",
        "userDefined": false
      }
    ],
    "isTemplate": false,
    "count": 0,
    "lang": "en",
    "updated": 0
  },
  {
    "id": "bd495bc6-547a-490a-a27a-f149e02c7bf6",
    "data": [
      {
        "text": "2",
        "meta": "@sys.cardinal",
        "alias": "number_guests",
        "userDefined": false
      }
    ],
    "isTemplate": false,
    "count": 0,
    "lang": "en",
    "updated": 0
  },
  {
    "id": "a7310802-1d4a-47e9-9bb7-e3bce63975de",
    "data": [
      {
        "text": "Will be ",
        "userDefined": false
      },
      {
        "text": "5",
        "meta": "@sys.cardinal",
        "alias": "number_guests",
        "userDefined": true
      },
      {
        "text": " of us",
        "userDefined": false
      }
    ],
    "isTemplate": false,
    "count": 0,
    "lang": "en",
    "updated": 0
  },
  {
    "id": "3b7c9f06-e2eb-4024-b598-b89fafbe72ef",
    "data": [
      {
        "text": "5",
        "meta": "@sys.cardinal",
        "alias": "number_guests",
        "userDefined": true
      },
      {
        "text": " persons",
        "userDefined": false
      }
    ],
    "isTemplate": false,
    "count": 0,
    "lang": "en",
    "updated": 0
  },
  {
    "id": "031cb30b-a824-4e21-b6ef-ac4903dadcc2",
    "data": [
      {
        "text": "2",
        "meta": "@sys.cardinal",
        "alias": "number_guests",
        "userDefined": true
      },
      {
        "text": " of us",
        "userDefined": false
      }
    ],
    "isTemplate": false,
    "count": 0,
    "lang": "en",
    "updated": 0
  },
  {
    "id": "662db008-4332-4833-87df-0fe87a47fccc",
    "data": [
      {
        "text": "1",
        "userDefined": false
      }
    ],
    "isTemplate": false,
    "count": 0,
    "lang": "en",
    "updated": 0
  }
]