[
  {
    "id": "fc51a4b1-af59-4a56-8148-1a86b16102ad",
    "data": [
      {
        "text": "Ya ",
        "userDefined": false
      },
      {
        "text": "Klark",
        "meta": "@sys.person",
        "alias": "person",
        "userDefined": false
      }
    ],
    "isTemplate": false,
    "count": 0,
    "lang": "en",
    "updated": 0
  },
  {
    "id": "a5abf7c6-1500-4236-a00d-a352cd488f10",
    "data": [
      {
        "text": "I am ",
        "userDefined": false
      },
      {
        "text": "Carl",
        "meta": "@sys.person",
        "alias": "person",
        "userDefined": false
      }
    ],
    "isTemplate": false,
    "count": 0,
    "lang": "en",
    "updated": 0
  },
  {
    "id": "9b7600f3-fa19-4315-99fe-63af5f2da8e0",
    "data": [
      {
        "text": "Bob",
        "meta": "@sys.person",
        "alias": "person",
        "userDefined": false
      },
      {
        "text": " Delegate",
        "userDefined": false
      }
    ],
    "isTemplate": false,
    "count": 0,
    "lang": "en",
    "updated": 0
  },
  {
    "id": "69bb5c5f-d37f-4ede-8ae5-73a727713789",
    "data": [
      {
        "text": "Me ",
        "userDefined": false
      },
      {
        "text": "Bob",
        "meta": "@sys.person",
        "alias": "person",
        "userDefined": false
      }
    ],
    "isTemplate": false,
    "count": 0,
    "lang": "en",
    "updated": 0
  },
  {
    "id": "5f3b32aa-d5a0-4bbd-8814-d93d8bfd045f",
    "data": [
      {
        "text": "I am ",
        "userDefined": false
      },
      {
        "text": "John",
        "meta": "@sys.person",
        "alias": "person",
        "userDefined": false
      }
    ],
    "isTemplate": false,
    "count": 0,
    "lang": "en",
    "updated": 0
  },
  {
    "id": "944e8255-d85f-43f2-9942-b497485de975",
    "data": [
      {
        "text": "John",
        "meta": "@sys.person",
        "alias": "person",
        "userDefined": false
      },
      {
        "text": " Smith",
        "userDefined": false
      }
    ],
    "isTemplate": false,
    "count": 0,
    "lang": "en",
    "updated": 0
  },
  {
    "id": "414d3309-40ce-4ec6-8300-1761ed8a7fc9",
    "data": [
      {
        "text": "Darkhan",
        "meta": "@sys.person",
        "alias": "person",
        "userDefined": false
      }
    ],
    "isTemplate": false,
    "count": 0,
    "lang": "en",
    "updated": 0
  },
  {
    "id": "f09a4482-dd31-4b40-9360-1192886fd392",
    "data": [
      {
        "text": "My name is ",
        "userDefined": false
      },
      {
        "text": "Ahmed",
        "meta": "@sys.person",
        "alias": "person",
        "userDefined": false
      }
    ],
    "isTemplate": false,
    "count": 0,
    "lang": "en",
    "updated": 0
  }
]