[
  {
    "id": "15a14754-036d-4215-8c24-717847d75d3a",
    "data": [
      {
        "text": "Give me a room",
        "userDefined": false
      }
    ],
    "isTemplate": false,
    "count": 0,
    "lang": "en",
    "updated": 0
  },
  {
    "id": "9212ec4c-5868-449c-abae-bcd59c7796c2",
    "data": [
      {
        "text": "Room need",
        "userDefined": false
      }
    ],
    "isTemplate": false,
    "count": 0,
    "lang": "en",
    "updated": 0
  },
  {
    "id": "37021f0d-82aa-4d2a-997f-908afbc7f50c",
    "data": [
      {
        "text": "Booking",
        "userDefined": false
      }
    ],
    "isTemplate": false,
    "count": 0,
    "lang": "en",
    "updated": 0
  },
  {
    "id": "9c6eccf8-f7c8-4332-84c4-f2100d4cd21a",
    "data": [
      {
        "text": "Room booking",
        "userDefined": false
      }
    ],
    "isTemplate": false,
    "count": 0,
    "lang": "en",
    "updated": 0
  },
  {
    "id": "8384ad77-42bd-47c3-a2b0-02b835e9d2be",
    "data": [
      {
        "text": "I need a room",
        "userDefined": false
      }
    ],
    "isTemplate": false,
    "count": 0,
    "lang": "en",
    "updated": 0
  },
  {
    "id": "576f24ec-7c24-4140-9608-e21846b539b3",
    "data": [
      {
        "text": "Book",
        "userDefined": false
      }
    ],
    "isTemplate": false,
    "count": 1,
    "lang": "en",
    "updated": 0
  }
]