[
  {
    "id": "2e2262d9-d8ed-4e77-83bf-ceaaf0755c95",
    "data": [
      {
        "text": "I want ",
        "userDefined": false
      },
      {
        "text": "standart",
        "meta": "@roomtype",
        "alias": "roomtype",
        "userDefined": false
      },
      {
        "text": " room",
        "userDefined": false
      }
    ],
    "isTemplate": false,
    "count": 0,
    "lang": "en",
    "updated": 0
  },
  {
    "id": "3c757273-9b53-4398-a8a6-e53e45974b5f",
    "data": [
      {
        "text": "I want ",
        "userDefined": false
      },
      {
        "text": "deluxe",
        "meta": "@roomtype",
        "alias": "roomtype",
        "userDefined": false
      }
    ],
    "isTemplate": false,
    "count": 0,
    "lang": "en",
    "updated": 0
  },
  {
    "id": "e2ad7abe-ef4c-4a46-881f-63c94ad72017",
    "data": [
      {
        "text": "I want ",
        "userDefined": false
      },
      {
        "text": "suite",
        "meta": "@roomtype",
        "alias": "roomtype",
        "userDefined": false
      }
    ],
    "isTemplate": false,
    "count": 0,
    "lang": "en",
    "updated": 0
  },
  {
    "id": "76f7d0f5-0136-4220-bb54-2f8fa1ec4982",
    "data": [
      {
        "text": "suite",
        "meta": "@roomtype",
        "alias": "roomtype",
        "userDefined": false
      }
    ],
    "isTemplate": false,
    "count": 0,
    "lang": "en",
    "updated": 0
  },
  {
    "id": "c0f597a4-bd42-46c9-b32a-38e7356b41ad",
    "data": [
      {
        "text": "deluxe",
        "userDefined": false
      }
    ],
    "isTemplate": false,
    "count": 0,
    "lang": "en",
    "updated": 0
  },
  {
    "id": "36348f52-cb2d-403d-80e8-b61d05dd417f",
    "data": [
      {
        "text": "Deluxe",
        "meta": "@roomtype",
        "alias": "roomtype",
        "userDefined": false
      }
    ],
    "isTemplate": false,
    "count": 0,
    "lang": "en",
    "updated": 0
  },
  {
    "id": "c4453afb-3dd8-443f-88b5-1e8e7b811d91",
    "data": [
      {
        "text": "Normal",
        "meta": "@roomtype",
        "alias": "roomtype",
        "userDefined": false
      }
    ],
    "isTemplate": false,
    "count": 0,
    "lang": "en",
    "updated": 0
  }
]